priority,pattern,partner,to_confirm
1,reese,Hershey,
1,hershey,Hershey,
1,snickers,Mars (Snickers),
1,takis,Takis,
1,electrolit,Electrolit,
1,celsius,Celsius,
1,c4 energy,C4 Energy,
1,red bull,Red Bull,
1,guru,Guru,
1,fuze,Fuze,yes
1,powerade,Powerade / Bodyarmor,yes
1,vitaminwater,Vitaminwater,yes
1,fizz,Fizz,
1,chico,Chico,
1,pet valu,Pet Valu,
1,petvalue,Pet Valu,
1,joker,Joker Énergie,yes
1,arizona,Arizona,yes
2,essence,Bannière — carburant,
2,lave-auto,Bannière — lave-auto,
2,lavo-auto,Bannière — lave-auto,
3,couche-tard,Bannière — marque maison,
3,polar pop,Bannière — marque maison,yes
3,sloche,Bannière — marque maison,yes
3,taquitos,Bannière — marque maison,yes
3,hot dog,Bannière — marque maison,yes
2,fuel,Bannière — carburant,
2,car wash,Bannière — lave-auto,
3,pizza,Bannière — marque maison,yes
